Index,Trade_Id,Price,Qty,QuoteQty,time,isBuyerMaker,isBestMatch,bidPrice,askPrice,MyBid,MyAsk,MyTradeSize,Trades,TradedQty,TradedQty(USD),Inventory,MyExecutedBid,MyExecutedAsk
88,1274557632,43173.65,0.09036,3901.171014,1646092801205,False,True,43173.65,0.0,0.0,0.0,0.02316228,SELL,0.02316228,-1000.0,-1000.0,0.0,43172.958003
170475,1274728019,43147.06,0.00613,264.4914778,1646100350736,True,True,0.0,43147.06,0.0,0.0,0.02317655,BUY,0.02317655,1000.0,0.0,43147.061997,0.0
170589,1274728133,43154.36,0.09038,3900.2910568,1646100351211,False,True,43154.36,0.0,0.0,0.0,0.02317263,SELL,0.02317263,-1000.0,-1000.0,0.0,43154.122354
171432,1274728976,43128.0,0.05407,2331.93096,1646100385116,True,True,0.0,43128.0,0.0,0.0,0.02318679,BUY,0.02318679,1000.0,0.0,43128.237646,0.0
171522,1274729066,43144.56,0.06164,2659.4306784,1646100390063,False,True,43144.56,0.0,0.0,0.0,0.02317789,SELL,0.02317789,-1000.0,-1000.0,0.0,43142.598898
174693,1274732237,43116.6,0.10405,4486.28223,1646100568426,True,True,0.0,43116.6,0.0,0.0,0.02319292,BUY,0.02319292,1000.0,0.0,43116.721102,0.0
174882,1274732426,43142.68,0.00768,331.3357824,1646100581589,False,True,43142.68,0.0,0.0,0.0,0.0231789,SELL,0.0231789,-1000.0,-1000.0,0.0,43142.248793
175032,1274732576,43116.11,0.06,2586.9666,1646100584975,True,True,0.0,43116.11,0.0,0.0,0.02319319,BUY,0.02319319,1000.0,0.0,43116.371207,0.0
175098,1274732642,43125.71,0.16204,6988.0900484,1646100585569,True,True,0.0,43125.71,0.0,0.0,0.02318802,BUY,0.02318802,1000.0,1000.0,43125.998318,0.0
192498,1274750042,43152.0,0.00032,13.80864,1646101089637,False,True,43152.0,0.0,0.0,0.0,0.0231739,SELL,0.0231739,-1000.0,0.0,0.0,43151.881682
192712,1274750256,43147.46,0.00952,410.7638192,1646101090687,True,True,0.0,43147.46,0.0,0.0,0.02317634,BUY,0.02317634,1000.0,1000.0,43150.510962,0.0
194564,1274752108,43177.02,0.0488,2107.038576,1646101140246,False,True,43177.02,0.0,0.0,0.0,0.02316047,SELL,0.02316047,-1000.0,0.0,0.0,43176.409038
194936,1274752480,43167.56,0.00031,13.3819436,1646101149835,True,True,0.0,43167.56,0.0,0.0,0.02316554,BUY,0.02316554,1000.0,1000.0,43168.125676,0.0
197821,1274755365,43194.18,0.02315,999.945267,1646101337333,False,True,43194.18,0.0,0.0,0.0,0.02315127,SELL,0.02315127,-1000.0,0.0,0.0,43194.034324
198452,1274755996,43212.96,0.13565,5861.838024,1646101357438,False,True,43212.96,0.0,0.0,0.0,0.02314121,SELL,0.02314121,-1000.0,-1000.0,0.0,43212.949997
199879,1274757423,43186.1,0.13909,6006.754649,1646101459365,True,True,0.0,43186.1,0.0,0.0,0.0231556,BUY,0.0231556,1000.0,0.0,43187.030003,0.0
200396,1274757940,43196.88,0.00152,65.6592576,1646101504844,False,True,43196.88,0.0,0.0,0.0,0.02314982,SELL,0.02314982,-1000.0,-1000.0,0.0,43195.9549
200837,1274758381,43170.0,0.00265,114.4005,1646101538320,True,True,0.0,43170.0,0.0,0.0,0.02316423,BUY,0.02316423,1000.0,0.0,43170.0451,0.0
201289,1274758833,43183.41,0.00024,10.3640184,1646101574980,False,True,43183.41,0.0,0.0,0.0,0.02315704,SELL,0.02315704,-1000.0,-1000.0,0.0,43181.9507
201618,1274759162,43156.03,0.154,6646.02862,1646101608391,True,True,0.0,43156.03,0.0,0.0,0.02317173,BUY,0.02317173,1000.0,0.0,43156.0493,0.0
201754,1274759298,43141.69,0.03451,1488.8197219,1646101612315,True,True,0.0,43141.69,0.0,0.0,0.02317944,BUY,0.02317944,1000.0,1000.0,43141.703605,0.0
227862,1274785406,43168.0,0.00222,95.83296,1646103401894,False,True,43168.0,0.0,0.0,0.0,0.02316531,SELL,0.02316531,-1000.0,0.0,0.0,43167.596395
228028,1274785572,43155.96,0.00114,49.1977944,1646103412515,True,True,0.0,43155.96,0.0,0.0,0.02317177,BUY,0.02317177,1000.0,1000.0,43157.039003,0.0
229741,1274787285,43183.51,0.24044,10383.0431444,1646103536963,False,True,43183.51,0.0,0.0,0.0,0.02315699,SELL,0.02315699,-1000.0,0.0,0.0,43182.940997
230028,1274787572,43179.3,0.03399,1467.664407,1646103560159,False,True,43179.3,0.0,0.0,0.0,0.02315925,SELL,0.02315925,-1000.0,-1000.0,0.0,43179.199875
230869,1274788413,43150.99,0.00037,15.9658663,1646103619826,True,True,0.0,43150.99,0.0,0.0,0.02317444,BUY,0.02317444,1000.0,0.0,43153.300125,0.0
231116,1274788660,43153.82,0.43588,18809.8870616,1646103635848,False,True,43153.82,0.0,0.0,0.0,0.02317292,SELL,0.02317292,-1000.0,-1000.0,0.0,43152.942
231646,1274789190,43126.66,0.00429,185.0133714,1646103670903,True,True,0.0,43126.66,0.0,0.0,0.02318751,BUY,0.02318751,1000.0,0.0,43127.058,0.0
232529,1274790073,43111.64,0.02217,955.7850588,1646103744165,True,True,0.0,43111.64,0.0,0.0,0.02319559,BUY,0.02319559,1000.0,1000.0,43112.592341,0.0
285440,1274842984,43138.9,0.00037,15.961393,1646106783818,False,True,43138.9,0.0,0.0,0.0,0.02318093,SELL,0.02318093,-1000.0,0.0,0.0,43138.467659
285900,1274843444,43160.63,0.001,43.16063,1646106788135,False,True,43160.63,0.0,0.0,0.0,0.02316926,SELL,0.02316926,-1000.0,-1000.0,0.0,43160.534277
286418,1274843962,43134.58,0.02306,994.6834148,1646106811646,True,True,0.0,43134.58,0.0,0.0,0.02318326,BUY,0.02318326,1000.0,0.0,43134.645723,0.0
286556,1274844100,43118.6,0.01,431.186,1646106823224,True,True,0.0,43118.6,0.0,0.0,0.02319185,BUY,0.02319185,1000.0,1000.0,43119.190361,0.0
290171,1274847715,43146.36,0.26124,11271.5550864,1646107075700,False,True,43146.36,0.0,0.0,0.0,0.02317693,SELL,0.02317693,-1000.0,0.0,0.0,43145.069639
290554,1274848098,43148.84,0.15154,6538.7752136,1646107088691,True,True,0.0,43148.84,0.0,0.0,0.02317559,BUY,0.02317559,1000.0,1000.0,43148.971424,0.0
291287,1274848831,43175.1,0.00188,81.169188,1646107154095,False,True,43175.1,0.0,0.0,0.0,0.0231615,SELL,0.0231615,-1000.0,0.0,0.0,43174.868576
291580,1274849124,43163.58,0.01022,441.1317876,1646107174513,True,True,0.0,43163.58,0.0,0.0,0.02316768,BUY,0.02316768,1000.0,1000.0,43164.116879,0.0
301463,1274859007,43190.96,0.01297,560.1867512,1646108022904,False,True,43190.96,0.0,0.0,0.0,0.02315299,SELL,0.02315299,-1000.0,0.0,0.0,43190.023121
302190,1274859734,43205.45,0.00029,12.5295805,1646108051020,False,True,43205.45,0.0,0.0,0.0,0.02314523,SELL,0.02314523,-1000.0,-1000.0,0.0,43205.207675
305524,1274863068,43179.1,0.15661,6762.278851,1646108181210,True,True,0.0,43179.1,0.0,0.0,0.02315935,BUY,0.02315935,1000.0,0.0,43179.292325,0.0
305735,1274863279,43163.39,0.09325,4024.9861175,1646108192228,True,True,0.0,43163.39,0.0,0.0,0.02316778,BUY,0.02316778,1000.0,1000.0,43164.486768,0.0
307615,1274865159,43191.06,0.00134,57.8760204,1646108307013,False,True,43191.06,0.0,0.0,0.0,0.02315294,SELL,0.02315294,-1000.0,0.0,0.0,43190.393232
307777,1274865321,43177.23,0.0004,17.270892,1646108313190,True,True,0.0,43177.23,0.0,0.0,0.02316036,BUY,0.02316036,1000.0,1000.0,43179.952127,0.0
310029,1274867573,43205.88,0.11572,4999.7844336,1646108407090,False,True,43205.88,0.0,0.0,0.0,0.023145,SELL,0.023145,-1000.0,0.0,0.0,43205.867873
310137,1274867681,43221.69,0.03442,1487.6905698,1646108412513,False,True,43221.69,0.0,0.0,0.0,0.02313653,SELL,0.02313653,-1000.0,-1000.0,0.0,43220.46225
311200,1274868744,43194.16,0.23116,9984.7620256,1646108520928,True,True,0.0,43194.16,0.0,0.0,0.02315128,BUY,0.02315128,1000.0,0.0,43194.53775,0.0
311385,1274868929,43202.01,0.00366,158.1193566,1646108529377,False,True,43202.01,0.0,0.0,0.0,0.02314707,SELL,0.02314707,-1000.0,-1000.0,0.0,43198.395632
356078,1274913622,43172.47,0.00031,13.3834657,1646112257955,True,True,0.0,43172.47,0.0,0.0,0.02316291,BUY,0.02316291,1000.0,0.0,43172.484368,0.0
356348,1274913892,43184.49,0.01158,500.0763942,1646112276159,False,True,43184.49,0.0,0.0,0.0,0.02315646,SELL,0.02315646,-1000.0,-1000.0,0.0,43183.771246
369478,1274927022,43157.66,0.00554,239.0934364,1646113401141,True,True,0.0,43157.66,0.0,0.0,0.02317086,BUY,0.02317086,1000.0,0.0,43157.868754,0.0
369722,1274927266,43171.98,0.00997,430.4246406,1646113419495,False,True,43171.98,0.0,0.0,0.0,0.02316317,SELL,0.02316317,-1000.0,-1000.0,0.0,43171.687622
371102,1274928646,43145.6,0.40908,17650.002048,1646113518755,True,True,0.0,43145.6,0.0,0.0,0.02317733,BUY,0.02317733,1000.0,0.0,43145.792378,0.0
371279,1274928823,43159.07,0.00165,71.2124655,1646113534263,False,True,43159.07,0.0,0.0,0.0,0.0231701,SELL,0.0231701,-1000.0,-1000.0,0.0,43158.553683
382709,1274940253,43132.47,0.11586,4997.3279742,1646114775329,True,True,0.0,43132.47,0.0,0.0,0.02318439,BUY,0.02318439,1000.0,0.0,43132.666317,0.0
383700,1274941244,43123.82,0.009,388.11438,1646114866052,True,True,0.0,43123.82,0.0,0.0,0.02318904,BUY,0.02318904,1000.0,1000.0,43123.898948,0.0
390832,1274948376,43150.0,0.00436,188.134,1646115198263,False,True,43150.0,0.0,0.0,0.0,0.02317497,SELL,0.02317497,-1000.0,0.0,0.0,43149.781052
390980,1274948524,43166.8,0.01031,445.049708,1646115205265,False,True,43166.8,0.0,0.0,0.0,0.02316595,SELL,0.02316595,-1000.0,-1000.0,0.0,43166.255993
391270,1274948814,43140.33,0.1,4314.033,1646115225709,True,True,0.0,43140.33,0.0,0.0,0.02318017,BUY,0.02318017,1000.0,0.0,43140.364007,0.0
391627,1274949171,43153.44,0.0025,107.8836,1646115253633,False,True,43153.44,0.0,0.0,0.0,0.02317312,SELL,0.02317312,-1000.0,-1000.0,0.0,43152.221784
614102,1275171646,43126.0,0.02362,1018.63612,1646129296069,True,True,0.0,43126.0,0.0,0.0,0.02318787,BUY,0.02318787,1000.0,0.0,43126.338216,0.0
614727,1275172271,43075.77,0.01,430.7577,1646129296478,True,True,0.0,43075.77,0.0,0.0,0.02321491,BUY,0.02321491,1000.0,1000.0,43092.408398,0.0
615255,1275172799,43119.87,0.02131,918.8844297,1646129299852,False,True,43119.87,0.0,0.0,0.0,0.02319116,SELL,0.02319116,-1000.0,0.0,0.0,43118.271602
615454,1275172998,43111.81,0.023,991.57163,1646129302267,True,True,0.0,43111.81,0.0,0.0,0.0231955,BUY,0.0231955,1000.0,1000.0,43113.172167,0.0
615894,1275173438,43140.6,0.0086,371.00916,1646129305827,False,True,43140.6,0.0,0.0,0.0,0.02318002,SELL,0.02318002,-1000.0,0.0,0.0,43139.047833
616191,1275173735,43126.55,2.25,97034.7375,1646129315634,True,True,0.0,43126.55,0.0,0.0,0.02318757,BUY,0.02318757,1000.0,1000.0,43127.65782,0.0
635013,1275192557,43153.86,0.00134,57.8261724,1646129745923,False,True,43153.86,0.0,0.0,0.0,0.0231729,SELL,0.0231729,-1000.0,0.0,0.0,43153.54218
635238,1275192782,43176.13,0.00046,19.8610198,1646129750628,False,True,43176.13,0.0,0.0,0.0,0.02316095,SELL,0.02316095,-1000.0,-1000.0,0.0,43175.888882
635487,1275193031,43149.69,0.08858,3822.1995402,1646129759363,True,True,0.0,43149.69,0.0,0.0,0.02317514,BUY,0.02317514,1000.0,0.0,43149.991118,0.0
635573,1275193117,43132.79,0.02042,880.7715718,1646129760740,True,True,0.0,43132.79,0.0,0.0,0.02318422,BUY,0.02318422,1000.0,1000.0,43134.235846,0.0
638242,1275195786,43160.39,0.001,43.16039,1646129892785,False,True,43160.39,0.0,0.0,0.0,0.02316939,SELL,0.02316939,-1000.0,0.0,0.0,43160.124154
638473,1275196017,43162.05,0.00026,11.222133,1646129893641,True,True,0.0,43162.05,0.0,0.0,0.0231685,BUY,0.0231685,1000.0,1000.0,43163.217149,0.0
652359,1275209903,43189.41,0.00061,26.3455401,1646130797759,False,True,43189.41,0.0,0.0,0.0,0.02315382,SELL,0.02315382,-1000.0,0.0,0.0,43189.122851
652728,1275210272,43206.52,0.00038,16.4184776,1646130810093,False,True,43206.52,0.0,0.0,0.0,0.02314466,SELL,0.02314466,-1000.0,-1000.0,0.0,43206.318008
1387696,1275945240,43180.0,0.00029,12.5222,1646150488417,True,True,0.0,43180.0,0.0,0.0,0.02315887,BUY,0.02315887,1000.0,-0.0,43180.401992,0.0
1388690,1275946234,43249.99,0.00043,18.5974957,1646150488825,True,True,0.0,43249.99,0.0,0.0,0.02312139,BUY,0.02312139,1000.0,1000.0,43477.462847,0.0
1388806,1275946350,43509.34,0.00957,416.3843838,1646150488951,False,True,43509.34,0.0,0.0,0.0,0.02298357,SELL,0.02298357,-1000.0,0.0,0.0,43503.557153
1389124,1275946668,43461.02,0.00038,16.5151876,1646150489354,False,True,43461.02,0.0,0.0,0.0,0.02300912,SELL,0.02300912,-1000.0,-1000.0,0.0,43446.039903
1442889,1276000433,43419.86,0.00191,82.9319326,1646152404991,True,True,0.0,43419.86,0.0,0.0,0.02303094,BUY,0.02303094,1000.0,0.0,43419.980097,0.0
1443114,1276000658,43402.79,0.09462,4106.7719898,1646152410125,True,True,0.0,43402.79,0.0,0.0,0.02303999,BUY,0.02303999,1000.0,1000.0,43403.165143,0.0
1444538,1276002082,43429.98,0.02,868.5996,1646152445017,False,True,43429.98,0.0,0.0,0.0,0.02302557,SELL,0.02302557,-1000.0,0.0,0.0,43429.214857
1444608,1276002152,43446.46,0.005,217.2323,1646152445957,False,True,43446.46,0.0,0.0,0.0,0.02301683,SELL,0.02301683,-1000.0,-1000.0,0.0,43445.869852
1444937,1276002481,43419.78,0.11508,4996.7482824,1646152459269,True,True,0.0,43419.78,0.0,0.0,0.02303098,BUY,0.02303098,1000.0,0.0,43419.810148,0.0
1445035,1276002579,43404.29,0.00305,132.3830845,1646152463414,True,True,0.0,43404.29,0.0,0.0,0.0230392,BUY,0.0230392,1000.0,1000.0,43404.404771,0.0
1445975,1276003519,43431.37,0.022,955.49014,1646152491615,False,True,43431.37,0.0,0.0,0.0,0.02302483,SELL,0.02302483,-1000.0,0.0,0.0,43430.455229
1446252,1276003796,43447.1,0.00062,26.937202,1646152502863,False,True,43447.1,0.0,0.0,0.0,0.0230165,SELL,0.0230165,-1000.0,-1000.0,0.0,43446.22996
1446384,1276003928,43419.91,0.02244,974.3427804,1646152504105,True,True,0.0,43419.91,0.0,0.0,0.02303091,BUY,0.02303091,1000.0,0.0,43420.17004,0.0
1446534,1276004078,43400.62,0.002,86.80124,1646152509126,True,True,0.0,43400.62,0.0,0.0,0.02304115,BUY,0.02304115,1000.0,1000.0,43401.135752,0.0
1448452,1276005996,43428.57,0.00026,11.2914282,1646152578196,False,True,43428.57,0.0,0.0,0.0,0.02302632,SELL,0.02302632,-1000.0,0.0,0.0,43427.184248
1448554,1276006098,43443.88,0.17971,7807.2996748,1646152581446,False,True,43443.88,0.0,0.0,0.0,0.0230182,SELL,0.0230182,-1000.0,-1000.0,0.0,43442.398811
1448875,1276006419,43415.33,0.02244,974.2400052,1646152593028,True,True,0.0,43415.33,0.0,0.0,0.02303334,BUY,0.02303334,1000.0,0.0,43416.341189,0.0
1449245,1276006789,43426.53,0.01,434.2653,1646152607991,False,True,43426.53,0.0,0.0,0.0,0.0230274,SELL,0.0230274,-1000.0,-1000.0,0.0,43426.364002
1459498,1276017042,43400.18,0.00024,10.4160432,1646153138120,True,True,0.0,43400.18,0.0,0.0,0.02304138,BUY,0.02304138,1000.0,0.0,43400.315998,0.0
1459732,1276017276,43386.73,0.14999,6507.5756327,1646153144521,True,True,0.0,43386.73,0.0,0.0,0.02304852,BUY,0.02304852,1000.0,1000.0,43387.039982,0.0
1471625,1276029169,43413.13,0.00658,285.6583954,1646153552038,False,True,43413.13,0.0,0.0,0.0,0.02303451,SELL,0.02303451,-1000.0,0.0,0.0,43413.080018
1471845,1276029389,43405.96,0.072,3125.22912,1646153556826,True,True,0.0,43405.96,0.0,0.0,0.02303831,BUY,0.02303831,1000.0,1000.0,43406.744069,0.0
1488682,1276046226,43433.04,0.00204,88.6034016,1646154103386,False,True,43433.04,0.0,0.0,0.0,0.02302395,SELL,0.02302395,-1000.0,0.0,0.0,43432.795931
1488863,1276046407,43446.69,0.0051,221.578119,1646154109523,False,True,43446.69,0.0,0.0,0.0,0.02301671,SELL,0.02301671,-1000.0,-1000.0,0.0,43446.680095
1489790,1276047334,43419.83,0.08993,3904.7453119,1646154137735,True,True,0.0,43419.83,0.0,0.0,0.02303095,BUY,0.02303095,1000.0,0.0,43420.619905,0.0
1489861,1276047405,43416.38,0.09396,4079.4030648,1646154140175,True,True,0.0,43416.38,0.0,0.0,0.02303278,BUY,0.02303278,1000.0,1000.0,43416.990994,0.0
1509231,1276066775,43443.15,0.02513,1091.7263595,1646154869147,False,True,43443.15,0.0,0.0,0.0,0.02301859,SELL,0.02301859,-1000.0,0.0,0.0,43443.049006
1509421,1276066965,43460.0,0.02468,1072.5928,1646154872493,False,True,43460.0,0.0,0.0,0.0,0.02300966,SELL,0.02300966,-1000.0,-1000.0,0.0,43459.954076
1509499,1276067043,43433.74,0.00328,142.4626672,1646154876344,True,True,0.0,43433.74,0.0,0.0,0.02302358,BUY,0.02302358,1000.0,0.0,43433.885924,0.0
1509789,1276067333,43446.88,0.05686,2470.3895968,1646154890650,False,True,43446.88,0.0,0.0,0.0,0.02301661,SELL,0.02301661,-1000.0,-1000.0,0.0,43446.780125
1530449,1276087993,43420.64,0.025,1085.516,1646155861956,True,True,0.0,43420.64,0.0,0.0,0.02303052,BUY,0.02303052,1000.0,0.0,43420.719875,0.0
1530598,1276088142,43407.12,0.00132,57.2973984,1646155869559,True,True,0.0,43407.12,0.0,0.0,0.0230377,BUY,0.0230377,1000.0,1000.0,43407.27391,0.0
1531237,1276088781,43434.69,0.01685,731.8745265,1646155895380,False,True,43434.69,0.0,0.0,0.0,0.02302307,SELL,0.02302307,-1000.0,0.0,0.0,43433.32609
1531633,1276089177,43450.0,0.00454,197.263,1646155915241,False,True,43450.0,0.0,0.0,0.0,0.02301496,SELL,0.02301496,-1000.0,-1000.0,0.0,43449.300881
1531818,1276089362,43423.04,0.00138,59.9237952,1646155936491,True,True,0.0,43423.04,0.0,0.0,0.02302925,BUY,0.02302925,1000.0,0.0,43423.239119,0.0
1531923,1276089467,43436.59,0.00073,31.7087107,1646155944332,False,True,43436.59,0.0,0.0,0.0,0.02302207,SELL,0.02302207,-1000.0,-1000.0,0.0,43436.066912
2708962,1277266506,43410.01,0.09794,4251.5763794,1646228518375,True,True,0.0,43410.01,0.0,0.0,0.02303616,BUY,0.02303616,1000.0,0.0,43410.013088,0.0
2709387,1277266931,43424.46,0.00606,263.1522276,1646228519255,False,True,43424.46,0.0,0.0,0.0,0.0230285,SELL,0.0230285,-1000.0,-1000.0,0.0,43422.772925
2709854,1277267398,43396.61,0.00167,72.4723387,1646228526751,True,True,0.0,43396.61,0.0,0.0,0.02304327,BUY,0.02304327,1000.0,0.0,43396.727075,0.0
2710021,1277267565,43412.08,0.00433,187.9743064,1646228527602,False,True,43412.08,0.0,0.0,0.0,0.02303506,SELL,0.02303506,-1000.0,-1000.0,0.0,43410.989391
2710958,1277268502,43384.85,0.06373,2764.9164905,1646228550935,True,True,0.0,43384.85,0.0,0.0,0.02304952,BUY,0.02304952,1000.0,0.0,43384.950609,0.0
2711319,1277268863,43368.48,0.00165,71.557992,1646228553210,True,True,0.0,43368.48,0.0,0.0,0.02305822,BUY,0.02305822,1000.0,1000.0,43368.48555,0.0
2712524,1277270068,43394.56,0.00481,208.7278336,1646228576989,False,True,43394.56,0.0,0.0,0.0,0.02304436,SELL,0.02304436,-1000.0,0.0,0.0,43394.51445
2713054,1277270598,43412.74,0.00587,254.8327838,1646228586912,False,True,43412.74,0.0,0.0,0.0,0.02303471,SELL,0.02303471,-1000.0,-1000.0,0.0,43412.729913
2713727,1277271271,43381.67,0.00138,59.8667046,1646228607510,True,True,0.0,43381.67,0.0,0.0,0.02305121,BUY,0.02305121,1000.0,0.0,43386.690087,0.0
2713970,1277271514,43368.55,0.13179,5715.5412045,1646228613343,True,True,0.0,43368.55,0.0,0.0,0.02305818,BUY,0.02305818,1000.0,1000.0,43368.655499,0.0
2716026,1277273570,43395.23,0.01425,618.3820275,1646228657628,False,True,43395.23,0.0,0.0,0.0,0.02304401,SELL,0.02304401,-1000.0,0.0,0.0,43394.684501
2716083,1277273627,43380.21,0.01358,589.1032518,1646228659521,True,True,0.0,43380.21,0.0,0.0,0.02305199,BUY,0.02305199,1000.0,1000.0,43380.331995,0.0
2717195,1277274739,43406.52,0.00233,101.1371916,1646228697011,False,True,43406.52,0.0,0.0,0.0,0.02303801,SELL,0.02303801,-1000.0,0.0,0.0,43406.368005
2717439,1277274983,43419.87,0.04139,1797.1484193,1646228702920,False,True,43419.87,0.0,0.0,0.0,0.02303093,SELL,0.02303093,-1000.0,-1000.0,0.0,43419.541956
2718049,1277275593,43393.31,0.00909,394.4451879,1646228711369,True,True,0.0,43393.31,0.0,0.0,0.02304503,BUY,0.02304503,1000.0,0.0,43393.498044,0.0
2718127,1277275671,43368.05,0.0073,316.586765,1646228714365,True,True,0.0,43368.05,0.0,0.0,0.02305845,BUY,0.02305845,1000.0,1000.0,43370.48495,0.0
2718594,1277276138,43398.95,0.00881,382.3447495,1646228728499,False,True,43398.95,0.0,0.0,0.0,0.02304203,SELL,0.02304203,-1000.0,0.0,0.0,43396.51505
2718818,1277276362,43412.72,0.02,868.2544,1646228735092,False,True,43412.72,0.0,0.0,0.0,0.02303472,SELL,0.02303472,-1000.0,-1000.0,0.0,43412.609877
3683709,1278241253,43386.53,0.00027,11.7143631,1646279180278,True,True,0.0,43386.53,0.0,0.0,0.02304863,BUY,0.02304863,1000.0,0.0,43386.570123,0.0
3683993,1278241537,43364.64,0.00458,198.6100512,1646279181180,True,True,0.0,43364.64,0.0,0.0,0.02306026,BUY,0.02306026,1000.0,1000.0,43364.976603,0.0
3684241,1278241785,43391.78,0.04,1735.6712,1646279182009,False,True,43391.78,0.0,0.0,0.0,0.02304584,SELL,0.02304584,-1000.0,0.0,0.0,43391.003397
3684496,1278242040,43381.24,0.03445,1494.483718,1646279188674,True,True,0.0,43381.24,0.0,0.0,0.02305144,BUY,0.02305144,1000.0,1000.0,43381.671593,0.0
3725904,1278283448,43408.23,0.012,520.89876,1646280265195,False,True,43408.23,0.0,0.0,0.0,0.02303711,SELL,0.02303711,-1000.0,0.0,0.0,43407.708407
3726390,1278283934,43427.37,0.00167,72.5237079,1646280266537,False,True,43427.37,0.0,0.0,0.0,0.02302695,SELL,0.02302695,-1000.0,-1000.0,0.0,43427.364302
3731329,1278288873,43400.6,0.00026,11.284156,1646280732971,True,True,0.0,43400.6,0.0,0.0,0.02304116,BUY,0.02304116,1000.0,0.0,43401.315698,0.0
3731441,1278288985,43386.57,0.27465,11916.1214505,1646280741573,True,True,0.0,43386.57,0.0,0.0,0.02304861,BUY,0.02304861,1000.0,1000.0,43387.169943,0.0
3735022,1278292566,43414.23,0.00666,289.1387718,1646281155390,False,True,43414.23,0.0,0.0,0.0,0.02303392,SELL,0.02303392,-1000.0,0.0,0.0,43413.210057
3735083,1278292627,43433.39,0.00346,150.2795294,1646281160636,False,True,43433.39,0.0,0.0,0.0,0.02302376,SELL,0.02302376,-1000.0,-1000.0,0.0,43431.095421
3735643,1278293187,43403.93,0.01163,504.7877059,1646281230733,True,True,0.0,43403.93,0.0,0.0,0.02303939,BUY,0.02303939,1000.0,0.0,43405.044579,0.0
3735745,1278293289,43417.11,0.00045,19.5376995,1646281245957,False,True,43417.11,0.0,0.0,0.0,0.02303239,SELL,0.02303239,-1000.0,-1000.0,0.0,43416.961182
3740536,1278298080,43389.53,0.00024,10.4134872,1646281835974,True,True,0.0,43389.53,0.0,0.0,0.02304703,BUY,0.02304703,1000.0,0.0,43390.918818,0.0
3740723,1278298267,43403.32,0.00427,185.3321764,1646281861564,False,True,43403.32,0.0,0.0,0.0,0.02303971,SELL,0.02303971,-1000.0,-1000.0,0.0,43402.556862
3743698,1278301242,43376.36,0.00423,183.4820028,1646282265172,True,True,0.0,43376.36,0.0,0.0,0.02305403,BUY,0.02305403,1000.0,0.0,43376.523138,0.0
3743807,1278301351,43390.23,0.03881,1683.9748263,1646282277444,False,True,43390.23,0.0,0.0,0.0,0.02304666,SELL,0.02304666,-1000.0,-1000.0,0.0,43389.182851
3744719,1278302263,43362.89,0.01749,758.4169461,1646282409104,True,True,0.0,43362.89,0.0,0.0,0.02306119,BUY,0.02306119,1000.0,0.0,43363.157149,0.0
3745072,1278302616,43349.62,0.0003,13.004886,1646282444353,True,True,0.0,43349.62,0.0,0.0,0.02306825,BUY,0.02306825,1000.0,1000.0,43349.881133,0.0
3754528,1278312072,43376.04,0.00041,17.7841764,1646283399814,False,True,43376.04,0.0,0.0,0.0,0.0230542,SELL,0.0230542,-1000.0,0.0,0.0,43375.898867
3754777,1278312321,43390.78,0.00037,16.0545886,1646283424275,False,True,43390.78,0.0,0.0,0.0,0.02304637,SELL,0.02304637,-1000.0,-1000.0,0.0,43390.763325
3773755,1278331299,43363.63,0.01918,831.7144234,1646285477663,True,True,0.0,43363.63,0.0,0.0,0.0230608,BUY,0.0230608,1000.0,0.0,43364.736675,0.0
3773879,1278331423,43346.93,0.00046,19.9395878,1646285487071,True,True,0.0,43346.93,0.0,0.0,0.02306968,BUY,0.02306968,1000.0,1000.0,43346.992,0.0
3775420,1278332964,43373.11,0.00303,131.4205233,1646285602700,False,True,43373.11,0.0,0.0,0.0,0.02305576,SELL,0.02305576,-1000.0,0.0,0.0,43373.008
3775509,1278333053,43359.88,0.00198,85.8525624,1646285619038,True,True,0.0,43359.88,0.0,0.0,0.02306279,BUY,0.02306279,1000.0,1000.0,43360.707884,0.0
3787532,1278345076,43387.09,0.02305,1000.0724245,1646286793119,False,True,43387.09,0.0,0.0,0.0,0.02304833,SELL,0.02304833,-1000.0,0.0,0.0,43386.732116
3787972,1278345516,43402.03,0.01793,778.1983979,1646286836684,False,True,43402.03,0.0,0.0,0.0,0.0230404,SELL,0.0230404,-1000.0,-1000.0,0.0,43401.21646
3790574,1278348118,43375.1,0.00568,246.370568,1646287120232,True,True,0.0,43375.1,0.0,0.0,0.0230547,BUY,0.0230547,1000.0,0.0,43375.18354,0.0
3790868,1278348412,43372.77,0.0023,99.757371,1646287145139,True,True,0.0,43372.77,0.0,0.0,0.02305594,BUY,0.02305594,1000.0,1000.0,43373.004194,0.0
3841354,1278398898,43399.79,0.0025,108.499475,1646289561118,False,True,43399.79,0.0,0.0,0.0,0.02304159,SELL,0.02304159,-1000.0,0.0,0.0,43399.035806
3841603,1278399147,43413.22,0.01161,504.0274842,1646289564595,False,True,43413.22,0.0,0.0,0.0,0.02303446,SELL,0.02303446,-1000.0,-1000.0,0.0,43413.02
3841753,1278399297,43385.79,0.0003,13.015737,1646289568377,True,True,0.0,43385.79,0.0,0.0,0.02304902,BUY,0.02304902,1000.0,0.0,43386.98,0.0
3841783,1278399327,43370.37,0.02058,892.5622146,1646289569739,True,True,0.0,43370.37,0.0,0.0,0.02305722,BUY,0.02305722,1000.0,1000.0,43372.774263,0.0
3843777,1278401321,43400.0,0.0005,21.7,1646289761262,False,True,43400.0,0.0,0.0,0.0,0.02304147,SELL,0.02304147,-1000.0,0.0,0.0,43398.805737
3843883,1278401427,43389.49,0.00211,91.5518239,1646289774862,True,True,0.0,43389.49,0.0,0.0,0.02304706,BUY,0.02304706,1000.0,1000.0,43391.338692,0.0
3845476,1278403020,43417.64,0.00846,367.3132344,1646289933091,False,True,43417.64,0.0,0.0,0.0,0.02303211,SELL,0.02303211,-1000.0,0.0,0.0,43417.381308
3845667,1278403211,43436.36,0.00028,12.1621808,1646289942555,False,True,43436.36,0.0,0.0,0.0,0.02302219,SELL,0.02302219,-1000.0,-1000.0,0.0,43435.776825
3845842,1278403386,43409.1,0.00069,29.952279,1646289948723,True,True,0.0,43409.1,0.0,0.0,0.02303664,BUY,0.02303664,1000.0,0.0,43409.723175,0.0
3846222,1278403766,43421.13,0.11395,4947.8377635,1646289979386,False,True,43421.13,0.0,0.0,0.0,0.02303026,SELL,0.02303026,-1000.0,-1000.0,0.0,43419.611977
3848974,1278406518,43393.21,0.00117,50.7700557,1646290205472,True,True,0.0,43393.21,0.0,0.0,0.02304508,BUY,0.02304508,1000.0,0.0,43393.568023,0.0
3849460,1278407004,43373.49,0.00092,39.9036108,1646290241533,True,True,0.0,43373.49,0.0,0.0,0.02305556,BUY,0.02305556,1000.0,1000.0,43373.753969,0.0
3851884,1278409428,43400.0,0.0242,1050.28,1646290475540,False,True,43400.0,0.0,0.0,0.0,0.02304147,SELL,0.02304147,-1000.0,0.0,0.0,43399.786031
3852210,1278409754,43392.81,0.03561,1545.2179641,1646290513666,True,True,0.0,43392.81,0.0,0.0,0.02304529,BUY,0.02304529,1000.0,1000.0,43394.037882,0.0
3853670,1278411214,43421.36,0.01222,530.6090192,1646290685344,False,True,43421.36,0.0,0.0,0.0,0.02303014,SELL,0.02303014,-1000.0,0.0,0.0,43420.082118
3854025,1278411569,43435.0,0.015,651.525,1646290730511,False,True,43435.0,0.0,0.0,0.0,0.02302291,SELL,0.02302291,-1000.0,-1000.0,0.0,43434.386408
3872024,1278429568,43408.32,0.0003,13.022496,1646291919395,True,True,0.0,43408.32,0.0,0.0,0.02303706,BUY,0.02303706,1000.0,0.0,43408.333592,0.0
3872277,1278429821,43392.67,0.00098,42.5248166,1646291927483,True,True,0.0,43392.67,0.0,0.0,0.02304537,BUY,0.02304537,1000.0,1000.0,43392.938212,0.0
3872872,1278430416,43419.08,0.00659,286.1317372,1646291967823,False,True,43419.08,0.0,0.0,0.0,0.02303135,SELL,0.02303135,-1000.0,0.0,0.0,43418.981788
3872953,1278430497,43406.59,0.0023,99.835157,1646291973134,True,True,0.0,43406.59,0.0,0.0,0.02303798,BUY,0.02303798,1000.0,1000.0,43406.734072,0.0
3874740,1278432284,43433.19,0.0025,108.582975,1646292159898,False,True,43433.19,0.0,0.0,0.0,0.02302387,SELL,0.02302387,-1000.0,0.0,0.0,43432.785928
3874794,1278432338,43451.56,0.03944,1713.7295264,1646292163905,False,True,43451.56,0.0,0.0,0.0,0.02301413,SELL,0.02301413,-1000.0,-1000.0,0.0,43450.511244
3875483,1278433027,43422.95,0.00091,39.5148845,1646292259414,True,True,0.0,43422.95,0.0,0.0,0.0230293,BUY,0.0230293,1000.0,0.0,43424.448756,0.0
3875916,1278433460,43437.55,0.00091,39.5281705,1646292331602,False,True,43437.55,0.0,0.0,0.0,0.02302156,SELL,0.02302156,-1000.0,-1000.0,0.0,43435.976885
3885295,1278442839,43409.88,0.00031,13.4570628,1646293394531,True,True,0.0,43409.88,0.0,0.0,0.02303623,BUY,0.02303623,1000.0,0.0,43409.923115,0.0
3885445,1278442989,43418.76,0.00218,94.6528968,1646293411293,False,True,43418.76,0.0,0.0,0.0,0.02303152,SELL,0.02303152,-1000.0,-1000.0,0.0,43418.581668
3891097,1278448641,43391.3,0.06988,3032.184044,1646294164107,True,True,0.0,43391.3,0.0,0.0,0.02304609,BUY,0.02304609,1000.0,0.0,43392.538332,0.0
3891289,1278448833,43370.67,0.00736,319.2081312,1646294168365,True,True,0.0,43370.67,0.0,0.0,0.02305706,BUY,0.02305706,1000.0,1000.0,43370.814851,0.0
3892710,1278450254,43397.21,0.00203,88.0963363,1646294310115,False,True,43397.21,0.0,0.0,0.0,0.02304296,SELL,0.02304296,-1000.0,0.0,0.0,43396.845149
3893079,1278450623,43411.06,0.01523,661.1504438,1646294354553,False,True,43411.06,0.0,0.0,0.0,0.0230356,SELL,0.0230356,-1000.0,-1000.0,0.0,43410.479238
3915316,1278472860,43384.34,0.00046,19.9567964,1646296492950,True,True,0.0,43384.34,0.0,0.0,0.02304979,BUY,0.02304979,1000.0,0.0,43384.440762,0.0
3915484,1278473028,43368.56,0.00032,13.8779392,1646296500572,True,True,0.0,43368.56,0.0,0.0,0.02305818,BUY,0.02305818,1000.0,1000.0,43368.705484,0.0
3918485,1278476029,43395.4,0.00458,198.750932,1646296603469,False,True,43395.4,0.0,0.0,0.0,0.02304392,SELL,0.02304392,-1000.0,0.0,0.0,43394.734516
3918636,1278476180,43409.73,0.00015,6.5114595,1646296610245,False,True,43409.73,0.0,0.0,0.0,0.02303631,SELL,0.02303631,-1000.0,-1000.0,0.0,43408.908767
3919093,1278476637,43382.71,0.00847,367.4515537,1646296644217,True,True,0.0,43382.71,0.0,0.0,0.02305066,BUY,0.02305066,1000.0,0.0,43382.871233,0.0
3919136,1278476680,43366.14,0.18002,7806.7725228,1646296647137,True,True,0.0,43366.14,0.0,0.0,0.02305947,BUY,0.02305947,1000.0,1000.0,43366.676093,0.0
3921056,1278478600,43392.89,0.02,867.8578,1646296812062,False,True,43392.89,0.0,0.0,0.0,0.02304525,SELL,0.02304525,-1000.0,0.0,0.0,43392.703907
3921201,1278478745,43379.74,0.09413,4083.3349262,1646296825608,True,True,0.0,43379.74,0.0,0.0,0.02305224,BUY,0.02305224,1000.0,1000.0,43379.872133,0.0
3922239,1278479783,43406.55,0.03,1302.1965,1646296944025,False,True,43406.55,0.0,0.0,0.0,0.023038,SELL,0.023038,-1000.0,0.0,0.0,43405.907867
3922504,1278480048,43391.92,0.00105,45.561516,1646296981522,True,True,0.0,43391.92,0.0,0.0,0.02304577,BUY,0.02304577,1000.0,1000.0,43393.528035,0.0
3922723,1278480267,43420.0,0.0069,299.598,1646297005668,False,True,43420.0,0.0,0.0,0.0,0.02303086,SELL,0.02303086,-1000.0,0.0,0.0,43419.571965
3923211,1278480755,43434.84,0.01536,667.1591424,1646297047467,False,True,43434.84,0.0,0.0,0.0,0.02302299,SELL,0.02302299,-1000.0,-1000.0,0.0,43434.72651
3923537,1278481081,43407.64,0.0005,21.70382,1646297072445,True,True,0.0,43407.64,0.0,0.0,0.02303742,BUY,0.02303742,1000.0,0.0,43408.67349,0.0
3923585,1278481129,43422.27,0.11844,5142.9336588,1646297076198,False,True,43422.27,0.0,0.0,0.0,0.02302966,SELL,0.02302966,-1000.0,-1000.0,0.0,43420.672295
3926229,1278483773,43394.06,0.00427,185.2926362,1646297364230,True,True,0.0,43394.06,0.0,0.0,0.02304463,BUY,0.02304463,1000.0,0.0,43394.627705,0.0
3926947,1278484491,43380.0,0.00503,218.2014,1646297456276,True,True,0.0,43380.0,0.0,0.0,0.0230521,BUY,0.0230521,1000.0,1000.0,43381.051779,0.0
3927792,1278485336,43407.61,0.00745,323.3866945,1646297532638,False,True,43407.61,0.0,0.0,0.0,0.02303744,SELL,0.02303744,-1000.0,0.0,0.0,43407.088221
3927865,1278485409,43424.63,0.00051,22.1465613,1646297540915,False,True,43424.63,0.0,0.0,0.0,0.02302841,SELL,0.02302841,-1000.0,-1000.0,0.0,43424.153339
3928096,1278485640,43397.83,0.00031,13.4533273,1646297561416,True,True,0.0,43397.83,0.0,0.0,0.02304263,BUY,0.02304263,1000.0,0.0,43398.106661,0.0
3928225,1278485769,43381.0,0.00049,21.25669,1646297570130,True,True,0.0,43381.0,0.0,0.0,0.02305157,BUY,0.02305157,1000.0,1000.0,43384.48075,0.0
3928815,1278486359,43410.78,0.09929,4310.2563462,1646297632184,False,True,43410.78,0.0,0.0,0.0,0.02303575,SELL,0.02303575,-1000.0,0.0,0.0,43410.51925
3928991,1278486535,43394.18,0.00476,206.5562968,1646297637340,True,True,0.0,43394.18,0.0,0.0,0.02304456,BUY,0.02304456,1000.0,1000.0,43396.267213,0.0
3929998,1278487542,43422.47,0.00765,332.1818955,1646297726685,False,True,43422.47,0.0,0.0,0.0,0.02302955,SELL,0.02302955,-1000.0,0.0,0.0,43422.312787
3930122,1278487666,43411.96,0.09908,4301.2569968,1646297742411,True,True,0.0,43411.96,0.0,0.0,0.02303513,BUY,0.02303513,1000.0,1000.0,43412.302401,0.0
3932133,1278489677,43438.65,0.002,86.8773,1646297958917,False,True,43438.65,0.0,0.0,0.0,0.02302097,SELL,0.02302097,-1000.0,0.0,0.0,43438.357599
3932555,1278490099,43454.54,0.00212,92.1236248,1646297998086,False,True,43454.54,0.0,0.0,0.0,0.02301256,SELL,0.02301256,-1000.0,-1000.0,0.0,43453.021997
3933351,1278490895,43426.02,0.0003,13.027806,1646298046609,True,True,0.0,43426.02,0.0,0.0,0.02302767,BUY,0.02302767,1000.0,0.0,43426.958003,0.0
3933918,1278491462,43439.85,0.019,825.35715,1646298110868,False,True,43439.85,0.0,0.0,0.0,0.02302034,SELL,0.02302034,-1000.0,-1000.0,0.0,43439.057809
3934703,1278492247,43413.0,0.00039,16.93107,1646298194030,True,True,0.0,43413.0,0.0,0.0,0.02303457,BUY,0.02303457,1000.0,0.0,43413.002191,0.0
3935346,1278492890,43397.83,0.00031,13.4533273,1646298263141,True,True,0.0,43397.83,0.0,0.0,0.02304263,BUY,0.02304263,1000.0,1000.0,43399.486247,0.0
4019582,1278577126,43425.92,0.00043,18.6731456,1646304403824,False,True,43425.92,0.0,0.0,0.0,0.02302772,SELL,0.02302772,-1000.0,0.0,0.0,43425.533753
4019820,1278577364,43443.03,0.0022,95.574666,1646304406270,False,True,43443.03,0.0,0.0,0.0,0.02301865,SELL,0.02301865,-1000.0,-1000.0,0.0,43443.018997
4021333,1278578877,43414.79,0.00198,85.9612842,1646304437705,True,True,0.0,43414.79,0.0,0.0,0.02303363,BUY,0.02303363,1000.0,0.0,43416.961003,0.0
4021537,1278579081,43427.07,0.00079,34.3073853,1646304449818,False,True,43427.07,0.0,0.0,0.0,0.02302711,SELL,0.02302711,-1000.0,-1000.0,0.0,43426.083918
4022134,1278579678,43400.0,0.00064,27.776,1646304481822,True,True,0.0,43400.0,0.0,0.0,0.02304147,BUY,0.02304147,1000.0,0.0,43400.036082,0.0
4022303,1278579847,43382.03,0.01892,820.7880076,1646304494436,True,True,0.0,43382.03,0.0,0.0,0.02305102,BUY,0.02305102,1000.0,1000.0,43383.990897,0.0
4033591,1278591135,43410.28,0.00285,123.719298,1646305720801,False,True,43410.28,0.0,0.0,0.0,0.02303602,SELL,0.02303602,-1000.0,0.0,0.0,43410.029103
4033728,1278591272,43432.55,0.00048,20.847624,1646305726060,False,True,43432.55,0.0,0.0,0.0,0.02302421,SELL,0.02302421,-1000.0,-1000.0,0.0,43432.135733
4034006,1278591550,43405.9,0.132,5729.5788,1646305734784,True,True,0.0,43405.9,0.0,0.0,0.02303834,BUY,0.02303834,1000.0,0.0,43406.084267,0.0
4034215,1278591759,43436.92,0.01151,499.9589492,1646305735899,False,True,43436.92,0.0,0.0,0.0,0.02302189,SELL,0.02302189,-1000.0,-1000.0,0.0,43430.765322
4034960,1278592504,43400.67,0.03314,1438.2982038,1646305764615,True,True,0.0,43400.67,0.0,0.0,0.02304112,BUY,0.02304112,1000.0,0.0,43404.714678,0.0
4035142,1278592686,43394.62,0.14046,6095.2083252,1646305766811,True,True,0.0,43394.62,0.0,0.0,0.02304433,BUY,0.02304433,1000.0,1000.0,43394.717678,0.0
4035846,1278593390,43421.05,0.00774,336.078927,1646305828017,False,True,43421.05,0.0,0.0,0.0,0.0230303,SELL,0.0230303,-1000.0,0.0,0.0,43420.762322
4035908,1278593452,43437.19,0.004,173.74876,1646305834849,False,True,43437.19,0.0,0.0,0.0,0.02302175,SELL,0.02302175,-1000.0,-1000.0,0.0,43434.076315
4036255,1278593799,43406.95,0.0003,13.022085,1646305862820,True,True,0.0,43406.95,0.0,0.0,0.02303779,BUY,0.02303779,1000.0,0.0,43408.023685,0.0
4036324,1278593868,43387.27,0.00031,13.4500537,1646305871131,True,True,0.0,43387.27,0.0,0.0,0.02304824,BUY,0.02304824,1000.0,1000.0,43388.099664,0.0
4037786,1278595330,43414.41,0.08984,3900.3505944,1646306103411,False,True,43414.41,0.0,0.0,0.0,0.02303383,SELL,0.02303383,-1000.0,0.0,0.0,43414.140336
4037926,1278595470,43405.55,0.0005,21.702775,1646306122692,True,True,0.0,43405.55,0.0,0.0,0.02303853,BUY,0.02303853,1000.0,1000.0,43405.624405,0.0
4038441,1278595985,43433.37,0.00602,261.4688874,1646306187937,False,True,43433.37,0.0,0.0,0.0,0.02302377,SELL,0.02302377,-1000.0,0.0,0.0,43431.675595
4038811,1278596355,43447.77,0.00124,53.8752348,1646306222985,False,True,43447.77,0.0,0.0,0.0,0.02301614,SELL,0.02301614,-1000.0,-1000.0,0.0,43446.400011
4059837,1278617381,43420.14,0.00056,24.3152784,1646307930117,True,True,0.0,43420.14,0.0,0.0,0.02303079,BUY,0.02303079,1000.0,0.0,43420.339989,0.0
4060461,1278618005,43432.27,0.0003,13.029681,1646308006725,False,True,43432.27,0.0,0.0,0.0,0.02302435,SELL,0.02302435,-1000.0,-1000.0,0.0,43431.595571
4060712,1278618256,43405.38,0.00051,22.1367438,1646308038010,True,True,0.0,43405.38,0.0,0.0,0.02303862,BUY,0.02303862,1000.0,0.0,43405.544429,0.0
4061035,1278618579,43421.0,0.00034,14.76314,1646308071295,False,True,43421.0,0.0,0.0,0.0,0.02303033,SELL,0.02303033,-1000.0,-1000.0,0.0,43417.191251
4064219,1278621763,43390.92,0.00059,25.6006428,1646308537874,True,True,0.0,43390.92,0.0,0.0,0.0230463,BUY,0.0230463,1000.0,0.0,43391.148749,0.0
4064360,1278621904,43375.0,0.00113,49.01375,1646308544353,True,True,0.0,43375.0,0.0,0.0,0.02305476,BUY,0.02305476,1000.0,1000.0,43375.423468,0.0
4065561,1278623105,43401.84,0.03657,1587.2052888,1646308677667,False,True,43401.84,0.0,0.0,0.0,0.0230405,SELL,0.0230405,-1000.0,0.0,0.0,43401.456532
4066006,1278623550,43383.16,0.00663,287.6303508,1646308727806,True,True,0.0,43383.16,0.0,0.0,0.02305042,BUY,0.02305042,1000.0,1000.0,43383.28111,0.0
4069043,1278626587,43409.65,0.01297,563.0231605,1646308908424,False,True,43409.65,0.0,0.0,0.0,0.02303635,SELL,0.02303635,-1000.0,0.0,0.0,43409.31889
4069393,1278626937,43423.32,0.00114,49.5025848,1646308931879,False,True,43423.32,0.0,0.0,0.0,0.0230291,SELL,0.0230291,-1000.0,-1000.0,0.0,43422.672895
4072441,1278629985,43395.66,0.0005,21.69783,1646309230987,True,True,0.0,43395.66,0.0,0.0,0.02304378,BUY,0.02304378,1000.0,0.0,43396.627105,0.0
4072509,1278630053,43380.0,0.30899,13403.9862,1646309234685,True,True,0.0,43380.0,0.0,0.0,0.0230521,BUY,0.0230521,1000.0,1000.0,43380.321998,0.0
4075000,1278632544,43407.55,0.01929,837.3316395,1646309447502,False,True,43407.55,0.0,0.0,0.0,0.02303747,SELL,0.02303747,-1000.0,0.0,0.0,43406.358002
4075290,1278632834,43395.0,0.00556,241.2762,1646309488769,True,True,0.0,43395.0,0.0,0.0,0.02304413,BUY,0.02304413,1000.0,1000.0,43395.617408,0.0
4075794,1278633338,43422.22,0.01873,813.2981806,1646309548507,False,True,43422.22,0.0,0.0,0.0,0.02302968,SELL,0.02302968,-1000.0,0.0,0.0,43421.662592
4075903,1278633447,43438.92,0.0003,13.031676,1646309555701,False,True,43438.92,0.0,0.0,0.0,0.02302083,SELL,0.02302083,-1000.0,-1000.0,0.0,43438.617677
4076158,1278633702,43412.45,0.04519,1961.8086155,1646309587984,True,True,0.0,43412.45,0.0,0.0,0.02303487,BUY,0.02303487,1000.0,0.0,43412.562323,0.0
4076260,1278633804,43426.24,0.01655,718.704272,1646309601039,False,True,43426.24,0.0,0.0,0.0,0.02302755,SELL,0.02302755,-1000.0,-1000.0,0.0,43425.473735
4240497,1278798041,43399.12,0.0046,199.635952,1646318981964,True,True,0.0,43399.12,0.0,0.0,0.02304194,BUY,0.02304194,1000.0,0.0,43399.426265,0.0
4240675,1278798219,43380.0,0.00037,16.0506,1646318983117,True,True,0.0,43380.0,0.0,0.0,0.0230521,BUY,0.0230521,1000.0,1000.0,43380.312001,0.0
4241537,1278799081,43407.15,0.3698,16051.96407,1646318993771,False,True,43407.15,0.0,0.0,0.0,0.02303768,SELL,0.02303768,-1000.0,0.0,0.0,43406.347999
4241739,1278799283,43427.3,0.00346,150.258458,1646319001662,False,True,43427.3,0.0,0.0,0.0,0.02302699,SELL,0.02302699,-1000.0,-1000.0,0.0,43426.133933
4242599,1278800143,43400.0,0.0023,99.82,1646319041165,True,True,0.0,43400.0,0.0,0.0,0.02304147,BUY,0.02304147,1000.0,0.0,43400.086067,0.0
4242682,1278800226,43386.88,0.01069,463.8057472,1646319044560,True,True,0.0,43386.88,0.0,0.0,0.02304844,BUY,0.02304844,1000.0,1000.0,43386.98,0.0
4243402,1278800946,43415.06,0.00023,9.9854638,1646319072301,False,True,43415.06,0.0,0.0,0.0,0.02303348,SELL,0.02303348,-1000.0,0.0,0.0,43413.02
4243473,1278801017,43428.38,0.0003,13.028514,1646319075646,False,True,43428.38,0.0,0.0,0.0,0.02302642,SELL,0.02302642,-1000.0,-1000.0,0.0,43428.084518
4244763,1278802307,43401.55,0.02028,880.183434,1646319154088,True,True,0.0,43401.55,0.0,0.0,0.02304065,BUY,0.02304065,1000.0,0.0,43402.035482,0.0
4244948,1278802492,43386.77,0.04868,2112.0679636,1646319162360,True,True,0.0,43386.77,0.0,0.0,0.0230485,BUY,0.0230485,1000.0,1000.0,43386.98,0.0
4245081,1278802625,43413.32,0.01898,823.9848136,1646319177137,False,True,43413.32,0.0,0.0,0.0,0.02303441,SELL,0.02303441,-1000.0,0.0,0.0,43413.02
4245158,1278802702,43429.79,0.00854,370.8904066,1646319181040,False,True,43429.79,0.0,0.0,0.0,0.02302567,SELL,0.02302567,-1000.0,-1000.0,0.0,43428.974785
4245260,1278802804,43400.84,0.00601,260.8390484,1646319183227,True,True,0.0,43400.84,0.0,0.0,0.02304103,BUY,0.02304103,1000.0,0.0,43402.925215,0.0
4245386,1278802930,43387.04,0.00308,133.6320832,1646319193128,True,True,0.0,43387.04,0.0,0.0,0.02304836,BUY,0.02304836,1000.0,1000.0,43387.829745,0.0
4245883,1278803427,43416.23,0.00067,29.0888741,1646319226836,False,True,43416.23,0.0,0.0,0.0,0.02303286,SELL,0.02303286,-1000.0,0.0,0.0,43413.870255
4246084,1278803628,43402.81,0.0005,21.701405,1646319240069,True,True,0.0,43402.81,0.0,0.0,0.02303998,BUY,0.02303998,1000.0,1000.0,43403.205131,0.0
4247275,1278804819,43429.89,0.00114,49.5100746,1646319313879,False,True,43429.89,0.0,0.0,0.0,0.02302562,SELL,0.02302562,-1000.0,0.0,0.0,43429.254869
4247350,1278804894,43461.91,0.00064,27.8156224,1646319315213,False,True,43461.91,0.0,0.0,0.0,0.02300865,SELL,0.02300865,-1000.0,-1000.0,0.0,43459.714004
4249355,1278806899,43432.24,0.02014,874.7253136,1646319459343,True,True,0.0,43432.24,0.0,0.0,0.02302437,BUY,0.02302437,1000.0,0.0,43433.645996,0.0
4249538,1278807082,43419.01,0.004,173.67604,1646319472950,True,True,0.0,43419.01,0.0,0.0,0.02303139,BUY,0.02303139,1000.0,1000.0,43419.050376,0.0
4252021,1278809565,43448.97,0.00046,19.9865262,1646319623614,False,True,43448.97,0.0,0.0,0.0,0.02301551,SELL,0.02301551,-1000.0,0.0,0.0,43445.109624
4252059,1278809603,43462.85,0.0924,4015.96734,1646319626528,False,True,43462.85,0.0,0.0,0.0,0.02300816,SELL,0.02300816,-1000.0,-1000.0,0.0,43462.344793
4253274,1278810818,43435.76,0.06696,2908.4584896,1646319684356,True,True,0.0,43435.76,0.0,0.0,0.0230225,BUY,0.0230225,1000.0,0.0,43436.275207,0.0
4253466,1278811010,43418.22,0.01931,838.4058282,1646319691066,True,True,0.0,43418.22,0.0,0.0,0.02303181,BUY,0.02303181,1000.0,1000.0,43419.580217,0.0
4253708,1278811252,43445.89,0.009,391.01301,1646319706333,False,True,43445.89,0.0,0.0,0.0,0.02301714,SELL,0.02301714,-1000.0,0.0,0.0,43445.639783
4253765,1278811309,43460.0,0.00602,261.6292,1646319710652,False,True,43460.0,0.0,0.0,0.0,0.02300966,SELL,0.02300966,-1000.0,-1000.0,0.0,43458.923767
4254777,1278812321,43432.41,0.0003,13.029723,1646319771430,True,True,0.0,43432.41,0.0,0.0,0.02302428,BUY,0.02302428,1000.0,0.0,43432.856233,0.0
4254826,1278812370,43444.24,0.03066,1332.0003984,1646319773295,False,True,43444.24,0.0,0.0,0.0,0.02301801,SELL,0.02301801,-1000.0,-1000.0,0.0,43442.52885
4257785,1278815329,43415.0,0.00027,11.72205,1646319959454,True,True,0.0,43415.0,0.0,0.0,0.02303351,BUY,0.02303351,1000.0,0.0,43416.47115,0.0
4258000,1278815544,43398.26,0.03,1301.9478,1646319965970,True,True,0.0,43398.26,0.0,0.0,0.0230424,BUY,0.0230424,1000.0,1000.0,43398.366583,0.0
4258102,1278815646,43378.24,0.01952,846.7432448,1646319970158,True,True,0.0,43378.24,0.0,0.0,0.02305303,BUY,0.02305303,1000.0,2000.0,43379.242322,0.0
4258285,1278815829,43381.34,0.02039,884.5455226,1646319971730,False,True,43381.34,0.0,0.0,0.0,0.02305139,SELL,0.02305139,-1000.0,1000.0,0.0,43380.560265
4258616,1278816160,43354.43,0.009,390.18987,1646319982222,True,True,0.0,43354.43,0.0,0.0,0.02306569,BUY,0.02306569,1000.0,2000.0,43354.539735,0.0
4258850,1278816394,43346.94,0.00092,39.8791848,1646319994644,True,True,0.0,43346.94,0.0,0.0,0.02306968,BUY,0.02306968,1000.0,3000.0,43348.021691,0.0
4259199,1278816743,43333.72,0.02,866.6744,1646320006525,True,True,0.0,43333.72,0.0,0.0,0.02307672,BUY,0.02307672,1000.0,4000.0,43333.925921,0.0
4260603,1278818147,43268.28,0.19985,8647.165758,1646320009262,False,True,43268.28,0.0,0.0,0.0,0.02311162,SELL,0.02311162,-1000.0,3000.0,0.0,43266.336008
4260605,1278818149,43272.21,0.00114,49.3303194,1646320009265,False,True,43272.21,0.0,0.0,0.0,0.02310952,SELL,0.02310952,-1000.0,2000.0,0.0,43272.057724
4260827,1278818371,43266.12,0.03,1297.9836,1646320009760,False,True,43266.12,0.0,0.0,0.0,0.02311277,SELL,0.02311277,-1000.0,1000.0,0.0,43265.155654
4260978,1278818522,43290.52,0.00093,40.2601836,1646320010808,False,True,43290.52,0.0,0.0,0.0,0.02309975,SELL,0.02309975,-1000.0,0.0,0.0,43286.18196
4263503,1278821047,43239.0,0.00092,39.77988,1646320095552,True,True,0.0,43239.0,0.0,0.0,0.02312727,BUY,0.02312727,1000.0,1000.0,43239.204346,0.0
4263726,1278821270,43248.62,0.10229,4423.9013398,1646320099890,False,True,43248.62,0.0,0.0,0.0,0.02312213,SELL,0.02312213,-1000.0,0.0,0.0,43248.100539
4264094,1278821638,43312.29,0.0048,207.898992,1646320112378,False,True,43312.29,0.0,0.0,0.0,0.02308814,SELL,0.02308814,-1000.0,-1000.0,0.0,43311.9897
4266594,1278824138,43222.15,0.00028,12.102202,1646320222267,True,True,0.0,43222.15,0.0,0.0,0.02313629,BUY,0.02313629,1000.0,0.0,43222.159461,0.0
4266724,1278824268,43207.52,0.06798,2937.2472096,1646320223321,True,True,0.0,43207.52,0.0,0.0,0.02314412,BUY,0.02314412,1000.0,1000.0,43207.683805,0.0
4266969,1278824513,43234.58,0.01961,847.8301138,1646320228180,False,True,43234.58,0.0,0.0,0.0,0.02312963,SELL,0.02312963,-1000.0,0.0,0.0,43233.616195
4267016,1278824560,43250.0,0.00648,280.26,1646320230012,False,True,43250.0,0.0,0.0,0.0,0.02312139,SELL,0.02312139,-1000.0,-1000.0,0.0,43249.450944
4270437,1278827981,43222.0,0.00876,378.62472,1646320387226,True,True,0.0,43222.0,0.0,0.0,0.02313637,BUY,0.02313637,1000.0,0.0,43223.509056,0.0
4270480,1278828024,43207.52,0.00036,15.5547072,1646320390476,True,True,0.0,43207.52,0.0,0.0,0.02314412,BUY,0.02314412,1000.0,1000.0,43208.23364,0.0
4272976,1278830520,43237.37,0.00853,368.8147661,1646320448524,False,True,43237.37,0.0,0.0,0.0,0.02312814,SELL,0.02312814,-1000.0,0.0,0.0,43234.16636
4273149,1278830693,43226.72,0.09021,3899.4824112,1646320453203,True,True,0.0,43226.72,0.0,0.0,0.02313384,BUY,0.02313384,1000.0,1000.0,43227.028,0.0
4273362,1278830906,43207.02,0.00075,32.405265,1646320461479,True,True,0.0,43207.02,0.0,0.0,0.02314439,BUY,0.02314439,1000.0,2000.0,43207.034,0.0
4273415,1278830959,43191.92,0.00027,11.6618184,1646320468078,True,True,0.0,43191.92,0.0,0.0,0.02315248,BUY,0.02315248,1000.0,3000.0,43191.998512,0.0
4273549,1278831093,43163.9,0.0007,30.21473,1646320473323,True,True,0.0,43163.9,0.0,0.0,0.02316751,BUY,0.02316751,1000.0,4000.0,43166.176261,0.0
4274023,1278831567,43192.51,0.01835,792.5825585,1646320490139,False,True,43192.51,0.0,0.0,0.0,0.02315216,SELL,0.02315216,-1000.0,3000.0,0.0,43192.083739
4274248,1278831792,43208.96,0.11353,4905.5132288,1646320499625,False,True,43208.96,0.0,0.0,0.0,0.02314335,SELL,0.02314335,-1000.0,2000.0,0.0,43208.648707
4274515,1278832059,43182.44,0.00046,19.8639224,1646320503517,True,True,0.0,43182.44,0.0,0.0,0.02315756,BUY,0.02315756,1000.0,3000.0,43182.731293,0.0
4274555,1278832099,43166.91,0.16623,7175.6354493,1646320505857,True,True,0.0,43166.91,0.0,0.0,0.02316589,BUY,0.02316589,1000.0,4000.0,43169.475271,0.0
4274936,1278832480,43150.0,0.00055,23.7325,1646320514407,True,True,0.0,43150.0,0.0,0.0,0.02317497,BUY,0.02317497,1000.0,5000.0,43150.0511,0.0
4301865,1278859409,43176.43,0.04641,2003.8181163,1646321233085,False,True,43176.43,0.0,0.0,0.0,0.02316078,SELL,0.02316078,-1000.0,4000.0,0.0,43175.9489
4301975,1278859519,43164.89,0.00174,75.1069086,1646321238537,True,True,0.0,43164.89,0.0,0.0,0.02316698,BUY,0.02316698,1000.0,5000.0,43167.046,0.0
4302683,1278860227,43160.8,0.00839,362.119112,1646321257523,False,True,43160.8,0.0,0.0,0.0,0.02316917,SELL,0.02316917,-1000.0,4000.0,0.0,43160.74434
4302684,1278860228,43161.49,0.00784,338.3860816,1646321257533,False,True,43161.49,0.0,0.0,0.0,0.0231688,SELL,0.0231688,-1000.0,3000.0,0.0,43161.44455
4302685,1278860229,43163.23,0.00655,282.7191565,1646321257554,False,True,43163.23,0.0,0.0,0.0,0.02316787,SELL,0.02316787,-1000.0,2000.0,0.0,43162.934997
4302692,1278860236,43167.99,0.2,8633.598,1646321257652,False,True,43167.99,0.0,0.0,0.0,0.02316531,SELL,0.02316531,-1000.0,1000.0,0.0,43167.216281
4303121,1278860665,43146.91,0.11581,4996.8436471,1646321271510,True,True,0.0,43146.91,0.0,0.0,0.02317663,BUY,0.02317663,1000.0,2000.0,43147.052,0.0
4303228,1278860772,43137.66,0.08701,3753.4077966,1646321272956,True,True,0.0,43137.66,0.0,0.0,0.0231816,BUY,0.0231816,1000.0,3000.0,43138.274634,0.0
4303451,1278860995,43117.81,0.0009,38.806029,1646321279443,True,True,0.0,43117.81,0.0,0.0,0.02319227,BUY,0.02319227,1000.0,4000.0,43120.0601,0.0
4309433,1278866977,43146.08,0.00449,193.7258992,1646321437971,False,True,43146.08,0.0,0.0,0.0,0.02317708,SELL,0.02317708,-1000.0,3000.0,0.0,43145.9399
4309550,1278867094,43135.93,0.01549,668.1755557,1646321445407,True,True,0.0,43135.93,0.0,0.0,0.02318253,BUY,0.02318253,1000.0,4000.0,43136.265237,0.0
4309610,1278867154,43120.0,0.00136,58.6432,1646321448699,True,True,0.0,43120.0,0.0,0.0,0.02319109,BUY,0.02319109,1000.0,5000.0,43122.999218,0.0
4309693,1278867237,43125.03,0.01871,806.8693113,1646321454581,False,True,43125.03,0.0,0.0,0.0,0.02318839,SELL,0.02318839,-1000.0,4000.0,0.0,43124.303411
4309709,1278867253,43129.07,0.00513,221.2521291,1646321455090,False,True,43129.07,0.0,0.0,0.0,0.02318622,SELL,0.02318622,-1000.0,3000.0,0.0,43128.104551
4309842,1278867386,43109.4,0.10423,4493.292762,1646321458509,True,True,0.0,43109.4,0.0,0.0,0.0231968,BUY,0.0231968,1000.0,4000.0,43109.803178,0.0
4309912,1278867456,43108.83,0.09313,4014.7253379,1646321459875,True,True,0.0,43108.83,0.0,0.0,0.0231971,BUY,0.0231971,1000.0,5000.0,43109.993121,0.0
4310325,1278867869,43113.36,0.08752,3773.2812672,1646321465165,False,True,43113.36,0.0,0.0,0.0,0.02319467,SELL,0.02319467,-1000.0,4000.0,0.0,43112.93
4310334,1278867878,43116.72,0.00114,49.1530608,1646321465169,False,True,43116.72,0.0,0.0,0.0,0.02319286,SELL,0.02319286,-1000.0,3000.0,0.0,43115.590798
4310461,1278868005,43121.97,0.12921,5571.7897437,1646321466353,False,True,43121.97,0.0,0.0,0.0,0.02319004,SELL,0.02319004,-1000.0,2000.0,0.0,43120.252196
4311520,1278869064,43126.68,0.01149,495.5255532,1646321503179,False,True,43126.68,0.0,0.0,0.0,0.0231875,SELL,0.0231875,-1000.0,1000.0,0.0,43126.33402
4311659,1278869203,43129.39,0.1702,7340.622178,1646321510518,False,True,43129.39,0.0,0.0,0.0,0.02318605,SELL,0.02318605,-1000.0,0.0,0.0,43129.354926
4312238,1278869782,43102.97,0.12768,5503.3872096,1646321527157,True,True,0.0,43102.97,0.0,0.0,0.02320026,BUY,0.02320026,1000.0,1000.0,43103.485074,0.0
4313300,1278870844,43113.39,0.01923,829.0704897,1646321556344,False,True,43113.39,0.0,0.0,0.0,0.02319465,SELL,0.02319465,-1000.0,0.0,0.0,43112.93
4313567,1278871111,43087.07,0.00025,10.7717675,1646321567595,True,True,0.0,43087.07,0.0,0.0,0.02320882,BUY,0.02320882,1000.0,1000.0,43087.07,0.0
4313660,1278871204,43099.28,0.2,8619.856,1646321573155,False,True,43099.28,0.0,0.0,0.0,0.02320224,SELL,0.02320224,-1000.0,0.0,0.0,43097.935503
4314676,1278872220,43071.42,0.00026,11.1985692,1646321630126,True,True,0.0,43071.42,0.0,0.0,0.02321725,BUY,0.02321725,1000.0,1000.0,43072.084497,0.0
4314802,1278872346,43051.21,0.03393,1460.7275553,1646321636134,True,True,0.0,43051.21,0.0,0.0,0.02322815,BUY,0.02322815,1000.0,2000.0,43053.100194,0.0
4315353,1278872897,43079.49,0.00114,49.1106186,1646321658989,False,True,43079.49,0.0,0.0,0.0,0.0232129,SELL,0.0232129,-1000.0,1000.0,0.0,43078.939806
4315482,1278873026,43079.17,0.04642,1999.7350714,1646321660470,True,True,0.0,43079.17,0.0,0.0,0.02321307,BUY,0.02321307,1000.0,2000.0,43080.461983,0.0
4316200,1278873744,43109.48,0.03787,1632.5560076,1646321686864,False,True,43109.48,0.0,0.0,0.0,0.02319675,SELL,0.02319675,-1000.0,1000.0,0.0,43106.318017
4316261,1278873805,43123.65,0.09045,3900.5341425,1646321687517,False,True,43123.65,0.0,0.0,0.0,0.02318913,SELL,0.02318913,-1000.0,0.0,0.0,43122.402841
4316413,1278873957,43095.66,0.00568,244.7833488,1646321690016,True,True,0.0,43095.66,0.0,0.0,0.02320419,BUY,0.02320419,1000.0,1000.0,43096.537159,0.0
4316450,1278873994,43070.15,0.02672,1150.834408,1646321690715,True,True,0.0,43070.15,0.0,0.0,0.02321794,BUY,0.02321794,1000.0,2000.0,43071.334722,0.0
4316663,1278874207,43054.2,0.37414,16108.298388,1646321699552,True,True,0.0,43054.2,0.0,0.0,0.02322654,BUY,0.02322654,1000.0,3000.0,43054.249849,0.0
4316739,1278874283,43040.0,0.00024,10.3296,1646321700824,True,True,0.0,43040.0,0.0,0.0,0.0232342,BUY,0.0232342,1000.0,4000.0,43040.873863,0.0
4317674,1278875218,43066.81,0.08907,3835.9607667,1646321735974,False,True,43066.81,0.0,0.0,0.0,0.02321974,SELL,0.02321974,-1000.0,3000.0,0.0,43066.706137
4317727,1278875271,43049.99,0.00085,36.5924915,1646321737672,True,True,0.0,43049.99,0.0,0.0,0.02322881,BUY,0.02322881,1000.0,4000.0,43053.87996,0.0
4317848,1278875392,43036.62,0.00354,152.3496348,1646321747596,True,True,0.0,43036.62,0.0,0.0,0.02323603,BUY,0.02323603,1000.0,5000.0,43037.085,0.0
4317979,1278875523,43049.3,0.0005,21.52465,1646321758229,False,True,43049.3,0.0,43036.38521,43062.21479,0.02322918,SELL,0.02322918,-1000.0,4000.0,0.0,43048.080551
4317981,1278875525,43049.99,4e-05,1.7219996,1646321758229,False,True,43049.99,0.0,0.0,0.0,0.02322881,SELL,0.02322881,-1000.0,3000.0,0.0,43049.530986
4318089,1278875633,43035.18,0.00475,204.417105,1646321763306,True,True,0.0,43035.18,0.0,0.0,0.0232368,BUY,0.0232368,1000.0,4000.0,43036.38521,0.0
4318155,1278875699,43022.0,0.0004,17.2088,1646321766696,True,True,0.0,43022.0,0.0,0.0,0.02324392,BUY,0.02324392,1000.0,5000.0,43022.269446,0.0
4318558,1278876102,43009.17,0.03027,1301.8875759,1646321772227,False,True,43009.17,0.0,0.0,0.0,0.02325086,SELL,0.02325086,-1000.0,4000.0,0.0,43008.848785
4318764,1278876308,42992.0,0.00118,50.73056,1646321778149,True,True,0.0,42992.0,0.0,0.0,0.02326014,BUY,0.02326014,1000.0,5000.0,42992.19847,0.0
4320053,1278877597,42960.99,0.00072,30.9319128,1646321797439,False,True,42960.99,0.0,0.0,0.0,0.02327693,SELL,0.02327693,-1000.0,4000.0,0.0,42960.214199
4320111,1278877655,42965.29,0.00025,10.7413225,1646321799108,False,True,42965.29,0.0,0.0,0.0,0.0232746,SELL,0.0232746,-1000.0,3000.0,0.0,42965.235705
4320117,1278877661,42969.85,0.00025,10.7424625,1646321799234,False,True,42969.85,0.0,0.0,0.0,0.02327213,SELL,0.02327213,-1000.0,2000.0,0.0,42969.817079
4320321,1278877865,42948.03,0.00469,201.4262607,1646321807462,True,True,0.0,42948.03,0.0,0.0,0.02328396,BUY,0.02328396,1000.0,3000.0,42948.091706,0.0
4320520,1278878064,42933.6,0.0083,356.34888,1646321811247,True,True,0.0,42933.6,0.0,0.0,0.02329178,BUY,0.02329178,1000.0,4000.0,42933.756008,0.0
4320651,1278878195,42918.0,0.00097,41.63046,1646321811822,True,True,0.0,42918.0,0.0,0.0,0.02330025,BUY,0.02330025,1000.0,5000.0,42918.150691,0.0
4321816,1278879360,42897.66,0.005,214.4883,1646321813772,False,True,42897.66,0.0,0.0,0.0,0.02331129,SELL,0.02331129,-1000.0,4000.0,0.0,42897.615425
4321836,1278879380,42904.86,0.07909,3393.3453774,1646321813896,False,True,42904.86,0.0,0.0,0.0,0.02330738,SELL,0.02330738,-1000.0,3000.0,0.0,42901.8667
4321901,1278879445,42886.9,0.02587,1109.484103,1646321814494,True,True,0.0,42886.9,0.0,0.0,0.02331714,BUY,0.02331714,1000.0,4000.0,42888.119703,0.0
4322644,1278880188,42836.99,0.22701,9724.4250999,1646321814901,True,True,0.0,42836.99,0.0,0.0,0.02334431,BUY,0.02334431,1000.0,5000.0,42845.152597,0.0
4325609,1278883153,42756.57,0.00874,373.6924218,1646321816244,False,True,42756.57,0.0,0.0,0.0,0.02338822,SELL,0.02338822,-1000.0,4000.0,0.0,42754.432483
4325886,1278883430,42743.74,0.0975,4167.51465,1646321816824,True,True,0.0,42743.74,0.0,0.0,0.02339524,BUY,0.02339524,1000.0,5000.0,42745.362543,0.0
4331217,1278888761,42771.02,0.00086,36.7830772,1646321823564,False,True,42771.02,0.0,0.0,0.0,0.02338032,SELL,0.02338032,-1000.0,4000.0,0.0,42771.017457
4331220,1278888764,42773.0,0.15689,6710.65597,1646321823564,False,True,42773.0,0.0,0.0,0.0,0.02337923,SELL,0.02337923,-1000.0,3000.0,0.0,42772.978045
4331363,1278888907,42762.35,0.23088,9872.971368,1646321823972,True,True,0.0,42762.35,0.0,0.0,0.02338506,BUY,0.02338506,1000.0,4000.0,42769.785214,0.0
4332262,1278889806,42795.99,0.00242,103.5662958,1646321829217,False,True,42795.99,0.0,0.0,0.0,0.02336668,SELL,0.02336668,-1000.0,3000.0,0.0,42795.454786
4332734,1278890278,42783.95,0.00701,299.9154895,1646321830794,True,True,0.0,42783.95,0.0,0.0,0.02337325,BUY,0.02337325,1000.0,4000.0,42785.1606,0.0
4332879,1278890423,42760.01,0.0006,25.656006,1646321831247,True,True,0.0,42760.01,0.0,0.0,0.02338634,BUY,0.02338634,1000.0,5000.0,42763.287164,0.0
4333044,1278890588,42790.01,0.01187,507.9174187,1646321832150,False,True,42790.01,0.0,0.0,0.0,0.02336994,SELL,0.02336994,-1000.0,4000.0,0.0,42788.952836
4333187,1278890731,42776.11,0.00215,91.9686365,1646321833458,True,True,0.0,42776.11,0.0,0.0,0.02337753,BUY,0.02337753,1000.0,5000.0,42777.172997,0.0
4333621,1278891165,42726.9,0.00035,14.954415,1646321835978,False,True,42726.9,0.0,0.0,0.0,0.02340446,SELL,0.02340446,-1000.0,4000.0,0.0,42721.51261
4333638,1278891182,42732.13,0.00121,51.7058773,1646321836059,False,True,42732.13,0.0,0.0,0.0,0.0234016,SELL,0.0234016,-1000.0,3000.0,0.0,42730.935436
4333670,1278891214,42747.86,0.09218,3940.4977348,1646321836059,False,True,42747.86,0.0,0.0,0.0,0.02339298,SELL,0.02339298,-1000.0,2000.0,0.0,42747.600434
4333673,1278891217,42749.03,0.1198,5121.333794,1646321836059,False,True,42749.03,0.0,0.0,0.0,0.02339234,SELL,0.02339234,-1000.0,1000.0,0.0,42748.850809
4333854,1278891398,42710.87,0.02341,999.8614667,1646321837992,True,True,0.0,42710.87,0.0,0.0,0.02341324,BUY,0.02341324,1000.0,2000.0,42715.161606,0.0
4334746,1278892290,42741.28,0.00301,128.6512528,1646321840952,False,True,42741.28,0.0,0.0,0.0,0.02339659,SELL,0.02339659,-1000.0,1000.0,0.0,42740.798394
4335005,1278892549,42702.96,0.04596,1962.6280416,1646321841357,False,True,42702.96,0.0,0.0,0.0,0.02341758,SELL,0.02341758,-1000.0,0.0,0.0,42697.755485
4335076,1278892620,42671.95,0.05815,2481.3738925,1646321841429,True,True,0.0,42671.95,0.0,0.0,0.0234346,BUY,0.0234346,1000.0,1000.0,42672.144515,0.0
4335188,1278892732,42691.41,0.88937,37968.4593117,1646321841899,True,True,0.0,42691.41,0.0,0.0,0.02342392,BUY,0.02342392,1000.0,2000.0,42692.668356,0.0
4337656,1278895200,42719.34,0.00348,148.6633032,1646321867851,False,True,42719.34,0.0,0.0,0.0,0.0234086,SELL,0.0234086,-1000.0,1000.0,0.0,42718.291644
4337696,1278895240,42734.69,0.00046,19.6579574,1646321868807,False,True,42734.69,0.0,0.0,0.0,0.02340019,SELL,0.02340019,-1000.0,0.0,0.0,42734.496504
4338298,1278895842,42781.0,5e-05,2.13905,1646321879110,False,True,42781.0,0.0,0.0,0.0,0.02337486,SELL,0.02337486,-1000.0,-1000.0,0.0,42780.860409
4339386,1278896930,42708.31,0.03298,1408.5200638,1646321901955,True,True,0.0,42708.31,0.0,0.0,0.02341465,BUY,0.02341465,1000.0,0.0,42708.863496,0.0
4339497,1278897041,42693.27,0.00263,112.2833001,1646321904203,True,True,0.0,42693.27,0.0,0.0,0.0234229,BUY,0.0234229,1000.0,1000.0,42693.728038,0.0
4340596,1278898140,42720.64,0.00234,99.9662976,1646321935511,False,True,42720.64,0.0,0.0,0.0,0.02340789,SELL,0.02340789,-1000.0,0.0,0.0,42719.351962
4340834,1278898378,42735.45,0.00233,99.5735985,1646321942752,False,True,42735.45,0.0,0.0,0.0,0.02339978,SELL,0.02339978,-1000.0,-1000.0,0.0,42734.596534
4340969,1278898513,42708.45,0.002,85.4169,1646321946782,True,True,0.0,42708.45,0.0,0.0,0.02341457,BUY,0.02341457,1000.0,0.0,42708.963466,0.0
4341057,1278898601,42726.25,0.01546,660.547825,1646321948021,False,True,42726.25,0.0,0.0,0.0,0.02340482,SELL,0.02340482,-1000.0,-1000.0,0.0,42723.21312
4341348,1278898892,42697.09,0.0005,21.348545,1646321956032,True,True,0.0,42697.09,0.0,0.0,0.0234208,BUY,0.0234208,1000.0,0.0,42697.58688,0.0
4341372,1278898916,42687.55,0.02904,1239.646452,1646321956526,True,True,0.0,42687.55,0.0,0.0,0.02342603,BUY,0.02342603,1000.0,1000.0,42688.479613,0.0
4447644,1279005188,42714.2,0.009,384.4278,1646324932081,False,True,42714.2,0.0,0.0,0.0,0.02341142,SELL,0.02341142,-1000.0,0.0,0.0,42714.100387
4447749,1279005293,42727.99,0.00103,44.0098297,1646324934443,False,True,42727.99,0.0,0.0,0.0,0.02340386,SELL,0.02340386,-1000.0,-1000.0,0.0,42727.8145
4448359,1279005903,42702.08,0.37385,15964.172608,1646324949557,True,True,0.0,42702.08,0.0,0.0,0.02341806,BUY,0.02341806,1000.0,0.0,42702.1855,0.0
4448565,1279006109,42686.94,0.00597,254.8410318,1646324959702,True,True,0.0,42686.94,0.0,0.0,0.02342637,BUY,0.02342637,1000.0,1000.0,42687.19,0.0
4448908,1279006452,42715.95,0.00114,48.696183,1646324979904,False,True,42715.95,0.0,0.0,0.0,0.02341046,SELL,0.02341046,-1000.0,0.0,0.0,42712.81
4448994,1279006538,42707.81,0.12013,5130.4892153,1646324984994,True,True,0.0,42707.81,0.0,0.0,0.02341492,BUY,0.02341492,1000.0,1000.0,42707.903784,0.0
4449049,1279006593,42686.94,0.00131,55.9198914,1646324987687,True,True,0.0,42686.94,0.0,0.0,0.02342637,BUY,0.02342637,1000.0,2000.0,42687.19,0.0
4449290,1279006834,42664.34,0.01755,748.759167,1646325000302,True,True,0.0,42664.34,0.0,0.0,0.02343878,BUY,0.02343878,1000.0,3000.0,42664.626771,0.0
4775260,1279332804,42691.42,0.01887,805.5870954,1646347405290,False,True,42691.42,0.0,0.0,0.0,0.02342391,SELL,0.02342391,-1000.0,2000.0,0.0,42690.233229
4775608,1279333152,42690.69,0.0197,841.006593,1646347423702,True,True,0.0,42690.69,0.0,0.0,0.02342431,BUY,0.02342431,1000.0,3000.0,42690.828908,0.0
4775681,1279333225,42677.16,0.03243,1384.0202988,1646347426260,True,True,0.0,42677.16,0.0,0.0,0.02343174,BUY,0.02343174,1000.0,4000.0,42677.202997,0.0
4776506,1279334050,42594.55,0.00093,39.6129315,1646347456380,False,True,42594.55,0.0,0.0,0.0,0.02347718,SELL,0.02347718,-1000.0,3000.0,0.0,42593.844321
4776531,1279334075,42595.07,0.03598,1532.5706186,1646347458451,False,True,42595.07,0.0,0.0,0.0,0.0234769,SELL,0.0234769,-1000.0,2000.0,0.0,42594.724585
4776536,1279334080,42598.2,0.0505,2151.2091,1646347458904,False,True,42598.2,0.0,0.0,0.0,0.02347517,SELL,0.02347517,-1000.0,1000.0,0.0,42597.255344
4776542,1279334086,42600.0,0.06896,2937.696,1646347459242,False,True,42600.0,0.0,0.0,0.0,0.02347418,SELL,0.02347418,-1000.0,0.0,0.0,42598.495716
4776544,1279334088,42603.59,0.038,1618.93642,1646347459267,False,True,42603.59,0.0,0.0,0.0,0.0234722,SELL,0.0234722,-1000.0,-1000.0,0.0,42602.766997
4776555,1279334099,42607.16,0.00334,142.3079144,1646347459660,False,True,42607.16,0.0,0.0,0.0,0.02347023,SELL,0.02347023,-1000.0,-2000.0,0.0,42605.07769
4776558,1279334102,42609.94,0.04697,2001.3888818,1646347459875,False,True,42609.94,0.0,0.0,0.0,0.0234687,SELL,0.0234687,-1000.0,-3000.0,0.0,42607.458404
4776568,1279334112,42615.87,0.00093,39.6327591,1646347459875,False,True,42615.87,0.0,0.0,0.0,0.02346544,SELL,0.02346544,-1000.0,-4000.0,0.0,42615.790903
4776649,1279334193,42625.2,0.00359,153.024468,1646347466283,False,True,42625.2,0.0,0.0,0.0,0.0234603,SELL,0.0234603,-1000.0,-5000.0,0.0,42620.402286
4776665,1279334209,42631.01,0.00234,99.7565634,1646347467168,False,True,42631.01,0.0,0.0,0.0,0.0234571,SELL,0.0234571,-1000.0,-6000.0,0.0,42629.475007
4777317,1279334861,42581.13,0.01989,846.9386757,1646347518760,True,True,0.0,42581.13,0.0,0.0,0.02348458,BUY,0.02348458,1000.0,-5000.0,42581.901596,0.0
4777512,1279335056,42570.42,0.00355,151.124991,1646347532089,True,True,0.0,42570.42,0.0,0.0,0.02349049,BUY,0.02349049,1000.0,-4000.0,42570.82492,0.0
4777514,1279335058,42566.97,0.0005,21.283485,1646347532127,True,True,0.0,42566.97,0.0,0.0,0.02349239,BUY,0.02349239,1000.0,-3000.0,42567.226,0.0
4777532,1279335076,42564.03,0.00014,5.9589642,1646347532526,True,True,0.0,42564.03,0.0,0.0,0.02349402,BUY,0.02349402,1000.0,-2000.0,42565.02666,0.0
4777562,1279335106,42558.59,0.06978,2969.7384102,1646347533960,True,True,0.0,42558.59,0.0,0.0,0.02349702,BUY,0.02349702,1000.0,-1000.0,42558.648574,0.0
4795210,1279352754,42584.4,0.00025,10.6461,1646349611043,False,True,42584.4,0.0,0.0,0.0,0.02348278,SELL,0.02348278,-1000.0,-2000.0,0.0,42584.191426
4795255,1279352799,42599.83,0.05802,2471.6421366,1646349614936,False,True,42599.83,0.0,0.0,0.0,0.02347427,SELL,0.02347427,-1000.0,-3000.0,0.0,42598.965857
4797365,1279354909,42571.42,0.00399,169.8599658,1646349924774,True,True,0.0,42571.42,0.0,0.0,0.02348994,BUY,0.02348994,1000.0,-2000.0,42573.414143,0.0
4797425,1279354969,42584.25,0.00431,183.5381175,1646349934585,False,True,42584.25,0.0,0.0,0.0,0.02348286,SELL,0.02348286,-1000.0,-3000.0,0.0,42584.191426
4797744,1279355288,42558.03,0.00352,149.8042656,1646349981686,True,True,0.0,42558.03,0.0,0.0,0.02349733,BUY,0.02349733,1000.0,-2000.0,42558.648574,0.0
4798147,1279355691,42544.28,0.02056,874.7103968,1646350044396,True,True,0.0,42544.28,0.0,0.0,0.02350492,BUY,0.02350492,1000.0,-1000.0,42545.242597,0.0
4798406,1279355950,42527.01,0.03293,1400.4144393,1646350074081,True,True,0.0,42527.01,0.0,0.0,0.02351447,BUY,0.02351447,1000.0,0.0,42528.187715,0.0
4798626,1279356170,42540.89,0.00561,238.6543929,1646350102258,False,True,42540.89,0.0,0.0,0.0,0.0235068,SELL,0.0235068,-1000.0,-1000.0,0.0,42539.768103
4799438,1279356982,42512.93,0.00281,119.4613333,1646350239640,True,True,0.0,42512.93,0.0,0.0,0.02352226,BUY,0.02352226,1000.0,0.0,42514.251897,0.0
4799654,1279357198,42497.04,0.00334,141.9401136,1646350262498,True,True,0.0,42497.04,0.0,0.0,0.02353105,BUY,0.02353105,1000.0,1000.0,42498.676571,0.0
4804098,1279361642,42524.25,0.0005,21.262125,1646351037224,False,True,42524.25,0.0,0.0,0.0,0.02351599,SELL,0.02351599,-1000.0,0.0,0.0,42524.183429
4804585,1279362129,42512.7,0.00939,399.194253,1646351119977,True,True,0.0,42512.7,0.0,0.0,0.02352238,BUY,0.02352238,1000.0,1000.0,42515.061654,0.0
4804771,1279362315,42522.35,0.04705,2000.6765675,1646351145791,False,True,42522.35,0.0,0.0,0.0,0.02351704,SELL,0.02351704,-1000.0,0.0,0.0,42519.35198
4805617,1279363161,42490.97,0.00257,109.2017929,1646351266251,True,True,0.0,42490.97,0.0,0.0,0.02353441,BUY,0.02353441,1000.0,1000.0,42493.84802,0.0
4805803,1279363347,42477.52,0.11764,4997.0554528,1646351292751,True,True,0.0,42477.52,0.0,0.0,0.02354186,BUY,0.02354186,1000.0,2000.0,42478.062757,0.0
4806105,1279363649,42457.0,0.01247,529.43879,1646351334227,True,True,0.0,42457.0,0.0,0.0,0.02355324,BUY,0.02355324,1000.0,3000.0,42459.128439,0.0
4806538,1279364082,42484.78,0.00693,294.4195254,1646351397136,False,True,42484.78,0.0,0.0,0.0,0.02353784,SELL,0.02353784,-1000.0,2000.0,0.0,42484.611561
4806733,1279364277,42500.0,0.00028,11.9,1646351442037,False,True,42500.0,0.0,0.0,0.0,0.02352941,SELL,0.02352941,-1000.0,1000.0,0.0,42498.315671
4807135,1279364679,42471.75,0.0022,93.43785,1646351521765,True,True,0.0,42471.75,0.0,0.0,0.02354506,BUY,0.02354506,1000.0,2000.0,42472.824329,0.0
4807216,1279364760,42454.48,0.0003,12.736344,1646351531629,True,True,0.0,42454.48,0.0,0.0,0.02355464,BUY,0.02355464,1000.0,3000.0,42455.589501,0.0
4807354,1279364898,42439.5,0.00082,34.80039,1646351545987,True,True,0.0,42439.5,0.0,0.0,0.02356295,BUY,0.02356295,1000.0,4000.0,42440.344076,0.0
4807816,1279365360,42465.84,0.00795,337.603428,1646351632514,False,True,42465.84,0.0,0.0,0.0,0.02354834,SELL,0.02354834,-1000.0,3000.0,0.0,42465.815924
4807904,1279365448,42450.88,0.0022,93.391936,1646351643292,True,True,0.0,42450.88,0.0,0.0,0.02355664,BUY,0.02355664,1000.0,4000.0,42453.090251,0.0
4807968,1279365512,42464.11,0.00178,75.5861158,1646351663423,False,True,42464.11,0.0,0.0,0.0,0.0235493,SELL,0.0235493,-1000.0,3000.0,0.0,42463.605261
4808242,1279365786,42437.96,0.0127,538.962092,1646351745317,True,True,0.0,42437.96,0.0,0.0,0.02356381,BUY,0.02356381,1000.0,4000.0,42438.134739,0.0
4808618,1279366162,42424.24,0.00337,142.9696888,1646351845063,True,True,0.0,42424.24,0.0,0.0,0.02357143,BUY,0.02357143,1000.0,5000.0,42424.758753,0.0
4808875,1279366419,42451.03,0.01927,818.0313481,1646351902691,False,True,42451.03,0.0,0.0,0.0,0.02355655,SELL,0.02355655,-1000.0,4000.0,0.0,42450.221247
4808915,1279366459,42466.91,0.17686,7510.6977026,1646351905707,False,True,42466.91,0.0,0.0,0.0,0.02354775,SELL,0.02354775,-1000.0,3000.0,0.0,42466.7362
4809151,1279366695,42454.49,0.0094,399.072206,1646351951269,True,True,0.0,42454.49,0.0,0.0,0.02355463,BUY,0.02355463,1000.0,4000.0,42454.729759,0.0
4809307,1279366851,42454.01,6e-05,2.5472406,1646351999124,False,True,42454.01,0.0,0.0,0.0,0.0942196,SELL,0.0942196,-4000.0,0.0,0.0,42454.01
4809308,1279366852,42454.01,0.01407,597.3279207,1646351999124,False,True,42454.01,0.0,0.0,0.0,0.0,SELL,0.0,-0.0,0.0,0.0,42454.01
